Function,Min Sampling Rate (%),Max Sampling Rate (%),Average Sampling Rate (%)
NestedLoopIterator::Read,125.03,167.54,141.314
Query_expression::ExecuteIteratorQuery,99.93,101.24,100.688
Query_expression::execute,99.93,101.24,100.688
start_thread,99.32,99.41,99.35799999999999
do_command,99.32,99.4,99.346
dispatch_command,99.32,99.4,99.34400000000001
dispatch_sql_command,99.32,99.4,99.34400000000001
mysql_execute_command,99.32,99.4,99.34400000000001
Sql_cmd_dml::execute,99.3,99.38,99.336
SortingIterator::Init,75.52,89.17,85.354
SortingIterator::DoSort,75.52,89.17,85.354
filesort,75.52,89.17,85.354
TemptableAggregateIterator<DummyIteratorProfiler>::Init,73.11,88.45,84.01599999999999
FilterIterator::Read,69.15,84.97,75.184
row_search_mvcc,55.41,66.86,60.172000000000004
handler::ha_index_read_map,36.43,47.64,40.314
ha_innobase::index_read,33.12,45.84,37.838
LimitOffsetIterator::Init,30.39,38.95,34.354
RefIterator<false>::Read,27.63,44.39,33.782000000000004
AggregateIterator::Read,24.16,37.51,31.336000000000002
NestedLoopIterator::Init,26.04,39.43,29.412
ha_innobase::general_fetch,27.37,32.67,28.922000000000004
TableScanIterator::Read,21.42,31.81,24.884000000000004
handler::ha_rnd_next,21.11,31.22,24.462
btr_cur_search_to_nth_level,19.92,28.68,23.322000000000003
MaterializeIterator<DummyIteratorProfiler>::Init,9.67,25.69,16.934
MaterializeIterator<DummyIteratorProfiler>::MaterializeQueryBlock,9.67,25.66,16.912
row_sel_store_mysql_rec,11.89,16.37,14.002
rec_get_offsets,11.64,14.31,13.044
EQRefIterator::Read,8.27,12.49,10.782
Row_sel_get_clust_rec_for_mysql::operator,8.13,16.1,10.762
HashJoinIterator::Init,8.68,13.14,10.175999999999998
HashJoinIterator::BuildHashTable,8.67,13.13,10.156
rec_init_offsets_comp_ordinary,8.55,9.89,9.209999999999999
btr_search_guess_on_hash,6.44,11.72,8.068000000000001
update_tmptable_sum_func,0.31,13.02,7.236
Item::val_bool,5.34,7.47,6.348
handler::ha_index_next_same,4.03,7.53,5.506
Item_subselect::exec,3.88,6.9,5.382
Item_sum_sum::update_field,0.3,8.96,5.124
page_cur_search_with_match,4.04,7.58,5.06
cmp_dtuple_rec_with_match_low,3.96,6.98,4.958
Item_cond_and::val_int,3.34,5.79,4.188
Item_in_optimizer::val_int,1.99,5.36,4.172
Item_in_subselect::val_bool_naked,1.99,5.31,4.116
buf_page_get_gen,3.36,5.45,4.036
subselect_hash_sj_engine::exec,1.99,5.21,3.9979999999999998
page_cur_search_with_match_bytes,3.23,5.42,3.886
HashJoinIterator::Read,2.42,4.62,3.7039999999999997
row_sel_field_store_in_mysql_format_func,2.81,4.3,3.4619999999999997
Buf_fetch<Buf_fetch_normal>::single_page,2.8,4.33,3.2619999999999996
Item_func_mul::decimal_op,0.31,5.29,3.106
__memcpy_ssse3_back,2.04,3.05,2.6659999999999995
IndexScanIterator<false>::Read,1.08,3.82,2.624
handler::ha_index_next,1.05,3.74,2.572
HashJoinIterator::ReadRowFromProbeIterator,2.04,3.4,2.5119999999999996
Item_func_like::val_int,1.25,4.2,2.5
Arg_comparator::compare_datetime,1.96,3.5,2.492
Item_func_not::val_int,0.96,3.94,2.4
Field_new_decimal::val_decimal,0.21,4.08,2.298
Item_sum_avg::update_field,0.36,3.5,2.2375
rec_offs_nth_extern,1.84,2.69,2.18
btr_cur_search_to_nth_level_with_no_latch,1.2,4.49,2.136
bin2decimal,0.15,3.79,2.1279999999999997
Buf_fetch_normal::get,1.75,2.88,2.058
row_search_no_mvcc,1.0,3.86,1.7600000000000002
cmp_data,1.35,2.11,1.658
handler::ha_update_row,0.83,2.93,1.65
btr_pcur_t::restore_position,1.25,1.97,1.5539999999999998
Item_func_lt::val_int,1.02,2.05,1.5
my_timer_cycles,1.14,2.08,1.488
Arg_comparator::compare_decimal,0.65,2.02,1.448
get_datetime_value,1.11,2.02,1.4460000000000002
rec_get_nth_field_offs,1.31,1.52,1.4220000000000002
Buf_fetch<Buf_fetch_normal>::lookup,1.22,1.81,1.3719999999999999
Item_singlerow_subselect::val_decimal,0.55,1.88,1.3539999999999999
SubqueryWithResult::exec,0.55,1.88,1.3519999999999999
my_decimal2binary,0.04,2.36,1.3279999999999998
cmp_dtuple_rec,0.83,1.94,1.272
Item_func_ge::val_int,1.03,2.04,1.264
Item_func_in::val_int,0.93,1.36,1.21
Item_func_gt::val_int,0.63,2.0,1.188
construct_lookup,0.84,1.47,1.1119999999999999
ha_innobase::update_row,0.6,2.54,1.1039999999999999
btr_pcur_t::move_to_next,0.92,1.33,1.084
temptable::Handler::index_read,0.46,1.62,1.084
in_string::find_item,0.88,1.15,1.0579999999999998
row_update_for_mysql,0.58,2.36,1.026
Field_new_decimal::store_value,0.07,1.8,1.004
Item_func_minus::decimal_op,0.16,1.51,1.0
store_key::copy,0.77,1.3,0.998
rec_init_offsets,0.79,1.61,0.9960000000000001
temptable::Hash_unique::lookup,0.37,1.47,0.986
Item::save_in_field,0.82,1.15,0.96
cmp_dtuple_rec_with_match_bytes,0.8,1.27,0.9559999999999998
ExecuteExistsQuery,0.58,1.54,0.91
StreamingIterator::Read,0.07,1.86,0.9059999999999999
buf_page_get_known_nowait,0.47,1.46,0.8640000000000001
store_key::copy_inner,0.65,1.11,0.8560000000000001
row_prebuilt_t::skip_concurrency_ticket,0.7,0.95,0.828
decimal2bin,0.02,1.44,0.8160000000000001
pfs_end_table_io_wait_v1,0.65,1.01,0.776
mtr_t::commit,0.45,1.03,0.748
system_call_fastpath,0.67,0.8,0.7180000000000002
my_decimal::check_result,0.08,1.21,0.706
lock_clust_rec_cons_read_sees,0.65,0.74,0.696
buf::Block_hint::buffer_fix_block_if_still_valid,0.51,0.97,0.6699999999999999
HashJoinIterator::ReadNextJoinedRowFromHashTable,0.38,0.93,0.6639999999999999
buf_block_from_ahi,0.55,0.97,0.662
pack_rows::LoadIntoTableBuffers,0.47,0.91,0.638
buf_page_optimistic_get,0.51,0.85,0.6359999999999999
fil_io,0.56,0.76,0.624
Item_sum_sum::add,0.3,0.84,0.622
Item_func_eq::val_int,0.53,0.83,0.616
Fil_shard::do_io,0.55,0.76,0.616
LimitOffsetIterator::Read,0.37,1.03,0.5966666666666667
pfs_start_table_io_wait_v1,0.52,0.76,0.5860000000000001
mutex_enter_inline<PolicyMutex<TTASEventMutex<BlockMutexPolicy> > >,0.38,0.86,0.584
decimal_mul,0.05,1.0,0.5660000000000001
HashJoinIterator::ReadNextHashJoinChunk,0.35,1.03,0.565
ha_insert_for_hash_func,0.46,0.62,0.552
ha_innobase::build_template,0.26,1.09,0.542
handler::ha_write_row,0.27,1.16,0.538
HashJoinIterator::ReadJoinedRow,0.31,0.74,0.5359999999999999
btr_pcur_t::store_position,0.47,0.62,0.5299999999999999
"std::thread::_State_impl<std::thread::_Invoker<std::tuple<Detached_thread, void",0.46,0.6,0.524
mtr_t::Command::release_all,0.27,0.72,0.512
copy_funcs,0.28,0.73,0.506
ha_innobase::intrinsic_table_write_row,0.25,1.09,0.496
Detached_thread::operator,0.39,0.54,0.46799999999999997
buf_flush_do_batch,0.39,0.54,0.46799999999999997
lob::undo_vers_t::reset,0.42,0.5,0.454
buf_flush_page,0.37,0.53,0.45199999999999996
dblwr::write,0.36,0.53,0.446
row_ins_clust_index_entry,0.19,1.02,0.44399999999999995
row_ins_clust_index_entry_low,0.19,1.02,0.44399999999999995
Double_write::write_to_datafile,0.36,0.51,0.442
btr_pcur_t::move_to_next_page,0.38,0.53,0.442
ext4_file_write,0.4,0.49,0.43200000000000005
temptable::Indexed_cells::compare,0.05,0.71,0.43200000000000005
generic_file_aio_write,0.4,0.48,0.42800000000000005
os_aio_func,0.31,0.46,0.386
temptable::Table::update,0.05,0.66,0.384
Item_field::val_date_temporal,0.3,0.43,0.378
HashJoinChunk::WriteRowToChunk,0.34,0.42,0.376
io_submit,0.31,0.45,0.366
Item_ref::val_decimal,0.11,0.64,0.364
temptable::Indexed_cells_hash::operator,0.07,0.54,0.362
do_io_submit,0.3,0.44,0.36
sys_io_submit,0.3,0.44,0.36
"std::_Hashtable<temptable::Indexed_cells, temptable::Indexed_cells, temptable::Allocator<temptable::Indexed_cells, temptable::Allocation_scheme<temptable::Exponential_policy, temptable::Prefer_RAM_over_MMAP_policy_obeying_per_table_limit> >, std::__detail::_Identity, temptable::Indexed_cells_equal_to, temptable::Indexed_cells_hash, std::__detail::_Mod_range_hashing, std::__detail::_Default_ranged_hash, std::__detail::_Prime_rehash_policy, std::__detail::_Hashtable_traits<true, true, true> >::_M_find_before_node",0.1,0.54,0.346
temptable::Table::is_index_update_needed,0.05,0.57,0.33799999999999997
Item_func_plus::decimal_op,0.03,0.52,0.33
Buf_fetch<Buf_fetch_other>::single_page,0.18,0.66,0.32799999999999996
hash_join_buffer::HashJoinRowBuffer::StoreRow,0.2,0.6,0.325
buf_read_page_low,0.2,0.54,0.324
rec_get_nth_field,0.27,0.39,0.324
[libpthread-2.17.so],0.21,0.44,0.31799999999999995
row_sel_convert_mysql_key_to_innobase,0.18,0.5,0.31799999999999995
Buf_fetch<Buf_fetch_normal>::read_page,0.19,0.5,0.30199999999999994
buf_read_page,0.19,0.49,0.3
rec_copy_prefix_to_buf,0.24,0.37,0.3
temptable::Indexed_cells::cell,0.08,0.51,0.3
handler::ha_statistic_increment,0.27,0.33,0.29600000000000004
pack_rows::StoreFromTableBuffers,0.22,0.32,0.28400000000000003
my_mb_wc_utf8mb4_thunk,0.14,0.46,0.266
Item_field::save_in_field_inner,0.18,0.31,0.262
ib_pg_flush-2,0.11,0.54,0.25666666666666665
__memset_sse2,0.11,0.35,0.254
Item_field::save_org_in_field,0.11,0.33,0.254
Item_func_le::val_int,0.04,0.38,0.2525
mtr_t::~mtr_t,0.2,0.28,0.242
trx_is_interrupted,0.21,0.29,0.242
update_item_cache_if_changed,0.17,0.35,0.236
__generic_file_aio_write,0.2,0.3,0.236
ib_pg_flush-1,0.12,0.47,0.23249999999999998
generic_file_buffered_write,0.2,0.3,0.23199999999999998
Buf_fetch_other::get,0.13,0.43,0.22999999999999998
field_conv_slow,0.11,0.45,0.22400000000000003
my_lengthsp_8bit,0.16,0.28,0.22200000000000003
Item_field::val_decimal,0.02,0.4,0.22000000000000003
hash_join_buffer::HashJoinRowBuffer::StoreLinkedImmutableStringFromTableBuffers,0.12,0.42,0.22
Query_expression::ClearForExecution,0.12,0.37,0.21666666666666667
syscall,0.08,0.26,0.21000000000000002
os_file_read_func,0.13,0.34,0.21000000000000002
Field_newdate::get_date_internal,0.13,0.31,0.20600000000000002
vfs_read,0.14,0.31,0.20400000000000001
HashJoinChunk::LoadRowFromChunk,0.11,0.36,0.2025
Field_newdate::val_date_temporal,0.17,0.27,0.202
do_sync_read,0.13,0.3,0.2
Item_field::val_int,0.13,0.27,0.198
TableRowIterator::UnlockRow,0.12,0.29,0.198
ext4_file_read,0.12,0.3,0.198
do_generic_file_read.constprop.52,0.12,0.3,0.196
generic_file_aio_read2,0.12,0.3,0.194
Item_ref::save_in_field_inner,0.09,0.39,0.19
Field_varstring::store,0.09,0.39,0.188
sys_pread64,0.12,0.32,0.18600000000000003
mutex_lock,0.15,0.24,0.186
__mutex_lock_slowpath,0.14,0.24,0.184
mtr_t::s_lock,0.11,0.27,0.184
async_page_fault,0.11,0.38,0.18
do_async_page_fault,0.11,0.38,0.18
trace_do_page_fault,0.11,0.38,0.18
__do_page_fault,0.11,0.37,0.178
memcpy@plt,0.07,0.23,0.176
temptable::Indexed_cells::cell_from_row,0.04,0.31,0.174
mtr_t::start,0.1,0.22,0.17200000000000001
Item_func_between::val_int,0.15,0.19,0.172
row_build_row_ref_in_tuple,0.08,0.3,0.16999999999999998
mtr_t::release_block_at_savepoint,0.12,0.24,0.164
calculate_key_len,0.11,0.23,0.162
decimal_actual_fraction,0.03,0.3,0.16
ib_pg_flush-3,0.11,0.19,0.14333333333333334
btr_search_info_update_slow,0.1,0.19,0.142
Buf_fetch<Buf_fetch_other>::lookup,0.08,0.25,0.142
Item_func_numhybrid::val_decimal,0.02,0.24,0.14
copy_user_enhanced_fast_string,0.11,0.18,0.14
handle_mm_fault,0.08,0.31,0.13999999999999999
thd_killed,0.11,0.2,0.138
ha_innobase::rnd_next,0.08,0.2,0.13799999999999998
__memcmp_sse4_1,0.04,0.21,0.13399999999999998
btr_cur_pessimistic_insert,0.07,0.31,0.12999999999999998
Item_field::val_str,0.06,0.18,0.12999999999999998
Item_cond_or::val_int,0.08,0.18,0.128
TIME_to_longlong_date_packed,0.07,0.19,0.128
ib_pg_flush_co,0.12,0.13,0.125
row_upd_store_row,0.02,0.31,0.124
row_mysql_store_col_in_innobase_format,0.07,0.22,0.124
btr_page_split_and_insert,0.07,0.28,0.12399999999999997
Arg_comparator::compare_string,0.09,0.19,0.11599999999999999
ut_delay,0.09,0.13,0.11599999999999999
thd_to_trx,0.05,0.15,0.11200000000000002
btr_search_drop_page_hash_index,0.07,0.16,0.11000000000000001
Arg_comparator::compare_int_signed,0.07,0.16,0.11000000000000001
Item_int::val_decimal,0.03,0.15,0.1025
Field_string::val_str,0.07,0.12,0.10200000000000001
mutex_spin_on_owner,0.07,0.12,0.10200000000000001
Field_string::pack,0.07,0.18,0.10200000000000001
mtr_t::Command::release_resources,0.07,0.14,0.1
Item_cache_datetime::val_date_temporal,0.03,0.2,0.1
buf_page_t::was_stale,0.07,0.16,0.1
my_b_flush_io_cache,0.07,0.12,0.094
decimal_is_zero,0.01,0.18,0.094
temptable::Indexed_cells::cell_from_mysql_buf_index_read,0.04,0.18,0.094
thd_to_innodb_session,0.06,0.15,0.092
dtuple_t::compare,0.05,0.13,0.092
dyn_buf_t<512ul>::push<mtr_memo_slot_t*>,0.04,0.16,0.092
_my_b_write,0.07,0.12,0.092
JOIN::reset,0.05,0.15,0.09000000000000001
ext4_da_write_begin,0.06,0.16,0.09
fsp_is_system_temporary,0.06,0.14,0.088
vfs_write,0.06,0.12,0.088
do_sync_write,0.06,0.12,0.088
mysql_encryption_file_write,0.06,0.12,0.088
sys_write,0.06,0.12,0.088
Field::unpack,0.06,0.1,0.08666666666666667
MVCC::is_view_active,0.06,0.12,0.08600000000000001
actual_key_parts,0.05,0.12,0.082
btr_cur_optimistic_insert,0.02,0.21,0.08199999999999999
dict_index_copy_rec_order_prefix,0.07,0.1,0.08
buf_is_block_in_instance,0.03,0.22,0.08
osq_lock,0.04,0.13,0.078
hash_join_buffer::LoadImmutableStringIntoTableBuffers,0.02,0.11,0.078
__alloc_pages_nodemask,0.03,0.16,0.078
EQRefIterator::Init,0.06,0.11,0.078
Cached_item_int::cmp,0.01,0.18,0.076
alloc_pages_vma,0.02,0.17,0.076
row_build,0.01,0.15,0.074
mtr_t::check_nolog_and_mark,0.04,0.1,0.072
Item_func_case::val_decimal,0.03,0.13,0.072
Item_sum_count::add,0.03,0.11,0.07
Cached_item_str::cmp,0.02,0.12,0.06999999999999999
system_call_after_swapgs,0.02,0.09,0.068
TableRowIterator::SetNullRowFlag,0.04,0.12,0.068
thd_get_thread_id,0.05,0.09,0.06799999999999999
init_tmptable_sum_functions,0.03,0.11,0.06799999999999999
Sort_param::make_sortkey,0.02,0.11,0.0675
Item_in_subselect::exec,0.03,0.13,0.06666666666666667
Item_sum_sum::reset_field,0.03,0.11,0.06400000000000002
page_dir_find_owner_slot,0.04,0.1,0.06400000000000002
Field::set_notnull,0.02,0.11,0.064
Item_date_literal::val_date_temporal,0.05,0.08,0.064
Functional_index_error_handler::~Functional_index_error_handler,0.04,0.08,0.062
Item_int_func::result_type,0.04,0.12,0.062
ha_innobase::unlock_row,0.02,0.08,0.06000000000000001
pthread_self,0.03,0.11,0.059999999999999984
Item_func_case::find_item,0.02,0.1,0.05800000000000001
binlog_log_row,0.01,0.1,0.05800000000000001
TTASEventMutex<BlockMutexPolicy>::exit,0.04,0.09,0.05800000000000001
thd_ha_data,0.04,0.08,0.055999999999999994
"robin_hood::detail::Table<true, 80ul, ImmutableStringWithLength, LinkedImmutableString, hash_join_buffer::KeyHasher, hash_join_buffer::KeyEquals>::insertKeyPrepareEmptySpot<ImmutableStringWithLength const&>",0.03,0.1,0.05500000000000001
ha_innobase::index_next_same,0.03,0.11,0.055
convert_search_mode_to_innobase,0.02,0.09,0.054000000000000006
Field_new_decimal::store_decimal,0.01,0.08,0.053333333333333344
Query_expression::clear_correlated_query_blocks,0.04,0.08,0.05333333333333334
handler::mark_trx_read_write,0.01,0.09,0.052000000000000005
dict_index_get_nth_field_pos,0.02,0.09,0.052000000000000005
buf_page_io_complete,0.02,0.09,0.052000000000000005
Item_string::val_str,0.03,0.1,0.052000000000000005
que_thr_stop_for_mysql_no_error,0.02,0.08,0.05
Field_long::type,0.01,0.09,0.05
page_cur_direct_insert_rec_low,0.01,0.12,0.05
pack_rows::RequestRowId,0.03,0.07,0.05
Field_string::unpack,0.02,0.11,0.05
Field::pack_int32,0.02,0.07,0.049999999999999996
Item_field::is_null,0.02,0.08,0.046
Field_string::type,0.01,0.08,0.046
dtuple_set_n_fields,0.01,0.07,0.046
Item_sum_count::update_field,0.03,0.05,0.045
trx_kill_blocking,0.03,0.07,0.044000000000000004
my_fill_8bit,0.01,0.11,0.044000000000000004
fsp_is_global_temporary,0.01,0.09,0.044
clear_page_c_e,0.02,0.1,0.044
Item::save_in_field_inner,0.02,0.1,0.044
Field_long::pack_length,0.03,0.06,0.044
Double_write::prepare,0.03,0.06,0.044
mem_cgroup_charge_common,0.02,0.09,0.044
buf_page_make_young,0.01,0.06,0.042499999999999996
Double_write::check_block,0.03,0.06,0.042
dict_index_copy_types,0.03,0.07,0.042
page_simple_validate_new,0.03,0.06,0.042
ha_remove_a_node_to_page,0.02,0.07,0.042
RefIterator<false>::Init,0.02,0.06,0.041999999999999996
FilterIterator::SetNullRowFlag,0.02,0.06,0.041999999999999996
Functional_index_error_handler::Functional_index_error_handler,0.02,0.06,0.04
Field::pack,0.02,0.06,0.04
__find_get_page,0.02,0.08,0.04
buf_page_init_for_read,0.01,0.07,0.04
Field::pack_length,0.03,0.05,0.04
fil_space_t::was_not_deleted,0.02,0.07,0.04
murmur3_32,0.01,0.11,0.04
mem_cgroup_newpage_charge,0.02,0.09,0.039999999999999994
grab_cache_page_write_begin,0.02,0.07,0.038000000000000006
[libstdc++.so.6.0.19],0.01,0.06,0.038
Field::warn_if_overflow,0.02,0.06,0.0375
mtr_t::Command::execute,0.01,0.1,0.036000000000000004
get_page_from_freelist,0.01,0.07,0.036000000000000004
thd_tx_priority,0.02,0.06,0.036
mtr_t::Command::add_dirty_blocks_to_flush_list,0.02,0.08,0.035
Item_sum_sum::clear,0.02,0.08,0.035
sys_clock_gettime,0.03,0.04,0.035
buf::Block_hint::buffer_unfix_block_if_needed,0.01,0.05,0.034
temptable::Indexed_cells::Indexed_cells,0.01,0.08,0.034
Aggregator_simple::arg_is_null,0.02,0.04,0.034
irq_exit,0.01,0.07,0.033999999999999996
do_softirq,0.01,0.07,0.033999999999999996
call_softirq,0.01,0.07,0.033999999999999996
__do_softirq,0.01,0.07,0.033999999999999996
rec_convert_dtuple_to_rec,0.01,0.06,0.032499999999999994
que_thr_move_to_run_state_for_mysql,0.02,0.05,0.03200000000000001
well_formed_copy_nchars,0.01,0.07,0.032
_raw_spin_unlock_irqrestore,0.02,0.04,0.032
btr_cur_optimistic_latch_leaves,0.02,0.04,0.032
ha_delete_hash_node,0.01,0.05,0.030000000000000006
temptable::Table::insert,0.01,0.07,0.030000000000000006
btr_page_create,0.01,0.06,0.03
plugin_foreach_with_mask,0.01,0.06,0.03
Aggregator_distinct::add,0.03,0.03,0.03
TableRowIterator::HandleError,0.01,0.08,0.028000000000000004
lock_sec_rec_cons_read_sees,0.02,0.04,0.028000000000000004
handler::end_psi_batch_mode,0.01,0.07,0.028000000000000004
_int_malloc,0.02,0.04,0.028000000000000004
__irqentry_text_start,0.01,0.05,0.028000000000000004
ret_from_intr,0.01,0.05,0.028000000000000004
fields_are_memcpyable,0.02,0.03,0.0275
HashJoinIterator::WriteProbeRowToDiskIfApplicable,0.02,0.05,0.0275
_my_b_read,0.01,0.05,0.0275
Field::unpack_int32,0.01,0.05,0.0275
EQRefIterator::UnlockRow,0.02,0.03,0.0275
mysql_encryption_file_read,0.01,0.05,0.0275
temptable::Handler::update_row,0.02,0.03,0.02666666666666667
__memmove_ssse3_back,0.02,0.04,0.026000000000000002
__block_write_begin,0.01,0.04,0.026000000000000002
Item_func_ne::val_int,0.01,0.06,0.026000000000000002
get_charset,0.01,0.08,0.026000000000000002
decimal_add,0.01,0.05,0.026000000000000002
buf::Block_hint::store,0.01,0.05,0.026000000000000002
ib_log_files_g,0.02,0.03,0.026000000000000002
buf_pool_watch_is_sentinel,0.02,0.04,0.026000000000000002
ext4_da_write_end,0.01,0.04,0.026000000000000002
_int_free,0.01,0.04,0.025
Aggregator_simple::arg_val_decimal,0.01,0.04,0.025
posix_ktime_get_ts,0.02,0.04,0.025
sys_read,0.01,0.05,0.025
mem_heap_add_block,0.01,0.04,0.025
Field_long::val_int,0.01,0.04,0.024999999999999998
row_upd_replace,0.01,0.06,0.024999999999999998
my_charpos_mb4,0.0,0.06,0.024
page_move_rec_list_end,0.01,0.04,0.023333333333333334
JOIN::clear_corr_derived_tmp_tables,0.02,0.03,0.023333333333333334
buf_LRU_make_block_young,0.01,0.04,0.022500000000000003
BlockReporter::is_checksum_valid_crc32,0.02,0.03,0.0225
truncate_inode_pages_range,0.02,0.03,0.0225
mem_heap_create_block,0.02,0.03,0.0225
hardware::crc32_using_pclmul,0.02,0.03,0.0225
FilterIterator::Init,0.01,0.03,0.0225
memset@plt,0.01,0.03,0.0225
log_files_governor,0.02,0.03,0.022000000000000002
pthread_self@plt,0.01,0.04,0.022
buf_read_page_background,0.01,0.04,0.022
__block_write_begin_int,0.01,0.03,0.022
BlockReporter::is_corrupted,0.01,0.03,0.022
btr_insert_on_non_leaf_level,0.01,0.06,0.022
virtblk_request_done,0.01,0.04,0.02
Field_varstring::val_str,0.01,0.03,0.02
Item_cache_int::cache_value,0.01,0.04,0.02
AggregateIterator::Init,0.0,0.04,0.02
HashJoinChunk::~HashJoinChunk,0.02,0.02,0.02
__audit_syscall_exit,0.01,0.03,0.02
row_build_index_entry_low,0.01,0.04,0.02
AggregateIterator::UnlockRow,0.02,0.02,0.02
Item_cache::store,0.0,0.04,0.02
kvm_clock_get_cycles,0.01,0.03,0.02
Field_new_decimal::pack_length,0.02,0.02,0.02
blk_mq_end_request,0.01,0.04,0.02
radix_tree_lookup_slot,0.01,0.03,0.02
Item_extract::val_int,0.01,0.03,0.02
blk_done_softirq,0.01,0.04,0.02
create_ondisk_from_heap,0.02,0.02,0.02
ktime_get_ts64,0.01,0.03,0.02
TemptableAggregateIterator<DummyIteratorProfiler>::move_table_to_disk,0.02,0.02,0.02
JOIN::clear_sj_tmp_tables,0.0,0.04,0.02
Query_expression::cleanup,0.02,0.02,0.02
HashJoinIterator::~HashJoinIterator,0.02,0.02,0.02
longlong2decimal,0.02,0.02,0.02
row_mysql_store_true_var_len,0.01,0.04,0.02
____fput,0.02,0.02,0.02
task_work_run,0.02,0.02,0.02
os_event::wait_time_low,0.01,0.03,0.02
do_notify_resume,0.02,0.02,0.02
int_signal,0.02,0.02,0.02
__libc_close,0.02,0.02,0.02
close_cached_file,0.02,0.02,0.02
generic_write_end,0.01,0.03,0.02
HashJoinIterator::LookupProbeRowInHashTable,0.01,0.03,0.02
rec_get_converted_size_comp,0.01,0.04,0.019999999999999997
Item_sum_avg::add,0.01,0.03,0.018000000000000002
__find_lock_page,0.01,0.03,0.018000000000000002
mtr_t::check_nolog_and_unmark,0.01,0.03,0.018
Field_long::unpack,0.01,0.03,0.018
radix_tree_descend,0.01,0.03,0.018
fseg_alloc_free_page_general,0.01,0.03,0.018
sysret_audit,0.01,0.03,0.018
THD::release_resources,0.01,0.03,0.0175
ibt::Tablespace_pool::free_ts,0.01,0.03,0.0175
ibt::Tablespace::truncate,0.01,0.03,0.0175
Fil_shard::space_truncate,0.01,0.03,0.0175
__GI___ftruncate64,0.01,0.03,0.0175
sys_ftruncate,0.01,0.03,0.0175
set_module_put_flag,0.01,0.03,0.0175
do_sys_ftruncate.constprop.14,0.01,0.03,0.0175
trx_start_if_not_started_xa_low,0.01,0.02,0.0175
sys_futex,0.01,0.02,0.0175
do_futex,0.01,0.02,0.0175
do_truncate,0.01,0.03,0.0175
notify_change,0.01,0.03,0.0175
ext4_setattr,0.01,0.03,0.0175
truncate_pagecache,0.01,0.03,0.0175
pagevec_lru_move_fn,0.01,0.03,0.017499999999999998
temptable::Storage::allocate_back,0.0,0.04,0.017499999999999998
mem_heap_block_free,0.0,0.04,0.017499999999999998
mark_page_accessed,0.01,0.03,0.016666666666666666
page_copy_rec_list_end,0.01,0.03,0.016666666666666666
HashJoinIterator::JoinedRowPassesExtraConditions,0.01,0.03,0.016666666666666666
__ext4_journal_start_sb,0.01,0.03,0.016
ext4_end_bio,0.0,0.04,0.016
buf_LRU_block_free_non_file_page,0.01,0.04,0.016
malloc,0.01,0.03,0.016
bio_endio,0.0,0.04,0.016
row_mysql_read_true_varchar,0.01,0.03,0.016
blk_update_request,0.0,0.04,0.016
ha_innobase::index_next,0.01,0.03,0.015999999999999997
Field_str::charset,0.01,0.02,0.015000000000000001
__lru_cache_add,0.01,0.03,0.015000000000000001
lru_cache_add,0.01,0.03,0.015000000000000001
retint_careful,0.0,0.04,0.015000000000000001
pfs_memory_free_vc,0.0,0.03,0.015000000000000001
mutex_enter_inline<PolicyMutex<TTASEventMutex<GenericPolicy> > >,0.01,0.02,0.015000000000000001
Field_varstring::real_type,0.0,0.03,0.015
pvclock_clocksource_read,0.01,0.02,0.015
dput,0.01,0.02,0.015
iput,0.01,0.02,0.015
__dentry_kill,0.01,0.02,0.015
ext4_evict_inode,0.01,0.02,0.015
aio_complete,0.01,0.02,0.015
Field_varstring::unpack,0.01,0.02,0.015
ha_innobase::change_active_index,0.0,0.03,0.015
__fput,0.01,0.02,0.015
handler::ha_index_init,0.0,0.03,0.015
evict,0.01,0.02,0.015
futex_wait,0.01,0.02,0.015
Query_result_send::send_data,0.01,0.02,0.015
__mark_inode_dirty,0.01,0.03,0.015
mutex_unlock,0.0,0.03,0.015
rw_lock_x_lock_func,0.0,0.04,0.015
Item::save_org_in_field,0.01,0.02,0.015
Field_long::pack,0.01,0.02,0.014000000000000002
temptable::Table::indexes_insert,0.01,0.02,0.014000000000000002
__mem_cgroup_commit_charge,0.0,0.03,0.014000000000000002
jbd2__journal_start,0.0,0.03,0.014000000000000002
__radix_tree_lookup,0.01,0.02,0.014000000000000002
temptable::Hash_unique::insert,0.01,0.02,0.014000000000000002
ext4_finish_bio,0.0,0.03,0.014000000000000002
"std::_Hashtable<temptable::Indexed_cells, temptable::Indexed_cells, temptable::Allocator<temptable::Indexed_cells, temptable::Allocation_scheme<temptable::Exponential_policy, temptable::Prefer_RAM_over_MMAP_policy_obeying_per_table_limit> >, std::__detail::_Identity, temptable::Indexed_cells_equal_to, temptable::Indexed_cells_hash, std::__detail::_Mod_range_hashing, std::__detail::_Default_ranged_hash, std::__detail::_Prime_rehash_policy, std::__detail::_Hashtable_traits<true, true, true> >::_M_emplace<temptable::Indexed_cells const&>",0.01,0.02,0.014000000000000002
dict_table_copy_types,0.01,0.02,0.013333333333333334
row_upd_changes_ord_field_binary_func,0.0,0.03,0.013333333333333334
ha_innobase::can_reuse_mysql_template,0.0,0.03,0.013333333333333334
row_upd_changes_field_size_or_external,0.0,0.04,0.013333333333333334
handler::ha_thd,0.0,0.02,0.013333333333333334
Field_newdate::pack_length,0.01,0.02,0.013333333333333334
_raw_qspin_lock,0.01,0.02,0.013333333333333334
page_copy_rec_list_end_to_created_page,0.01,0.02,0.013333333333333334
ext4_da_invalidatepage,0.01,0.02,0.013333333333333334
do_invalidatepage_range,0.01,0.02,0.013333333333333334
dict_index_contains_col_or_prefix,0.0,0.03,0.013333333333333334
subselect_hash_sj_engine::engine_type,0.01,0.02,0.013333333333333334
btr_pcur_t::copy_stored_position,0.01,0.02,0.0125
free,0.01,0.02,0.0125
Item_cache_decimal::val_decimal,0.01,0.02,0.0125
ibuf_merge_or_delete_for_page,0.01,0.02,0.0125
truncate_inode_page,0.01,0.02,0.0125
ext4_dirty_inode,0.01,0.02,0.0125
release_pages,0.0,0.02,0.0125
std::chrono::_V2::steady_clock::now,0.01,0.02,0.0125
Field_newdate::get_date,0.01,0.02,0.0125
pthread_cond_timedwait@@GLIBC_2.3.2,0.01,0.02,0.0125
page_add_new_anon_rmap,0.01,0.02,0.012
block_write_end,0.01,0.02,0.012
__strncpy_sse2_unaligned,0.01,0.01,0.01
Item_sum_count::clear,0.01,0.01,0.01
blk_mq_sched_put_request,0.01,0.01,0.01
blk_mq_finish_request,0.01,0.01,0.01
__blk_mq_finish_request,0.01,0.01,0.01
dict_index_t::get_col_pos,0.01,0.01,0.01
buf_flush_write_complete,0.01,0.01,0.01
Fil_shard::get_file_for_io,0.01,0.01,0.01
Field_num::val_decimal,0.01,0.01,0.01
Field_long::store,0.01,0.01,0.01
blk_mq_sched_restart,0.01,0.01,0.01
blk_mq_sched_restart_hctx.part.5,0.01,0.01,0.01
mntput,0.01,0.01,0.01
mod_delayed_work_on,0.01,0.01,0.01
__check_object_size,0.01,0.01,0.01
__find_get_block_slow,0.01,0.01,0.01
fil_space_t::get_recent_version,0.01,0.01,0.01
blk_mq_run_hw_queue,0.01,0.01,0.01
fsp_is_session_temporary,0.01,0.01,0.01
do_huge_pmd_anonymous_page,0.01,0.01,0.01
unmap_underlying_metadata,0.01,0.01,0.01
__zone_watermark_ok,0.01,0.01,0.01
__fsnotify_parent,0.01,0.01,0.01
__blk_mq_delay_run_hw_queue,0.01,0.01,0.01
kblockd_mod_delayed_work_on,0.01,0.01,0.01
path_put,0.01,0.01,0.01
ext4_reserve_inode_write,0.01,0.01,0.01
__mem_cgroup_try_charge,0.01,0.01,0.01
Item::default_charset,0.01,0.01,0.01
longlong10_to_str,0.01,0.01,0.01
ext4_invalidatepage,0.0,0.02,0.01
AIO::reserve_slot,0.01,0.01,0.01
decimal_sub,0.01,0.01,0.01
put_page,0.01,0.01,0.01
Field_new_decimal::unpack,0.01,0.01,0.01
buf_read_ahead_linear,0.0,0.02,0.01
handler::start_psi_batch_mode,0.01,0.01,0.01
buf_LRU_get_free_block,0.01,0.01,0.01
__ext4_journal_stop,0.01,0.01,0.01
create_empty_buffers,0.01,0.01,0.01
Item_cache_decimal::cache_value,0.01,0.01,0.01
AIOHandler::post_io_processing,0.01,0.01,0.01
truncate_inode_pages_final,0.01,0.01,0.01
Item_sum_sum::val_decimal,0.01,0.01,0.01
buf_LRU_get_free_only,0.01,0.01,0.01
block_invalidatepage_range,0.0,0.02,0.01
security_file_permission,0.0,0.02,0.01
fil_space_release,0.01,0.01,0.01
page_waitqueue,0.01,0.01,0.01
__vdso_getcpu,0.01,0.01,0.01
buf_LRU_add_block,0.01,0.01,0.01
fsp_is_checksum_disabled,0.01,0.01,0.01
btr_root_block_get,0.01,0.01,0.01
btr_root_get,0.01,0.01,0.01
btr_page_alloc_priv,0.01,0.01,0.01
get_futex_key,0.01,0.01,0.01
pthread_cond_wait@@GLIBC_2.3.2,0.01,0.01,0.01
sync_array_wait_event,0.01,0.01,0.01
sys_sched_yield,0.01,0.01,0.01
jbd2_journal_dirty_metadata,0.01,0.01,0.01
__ext4_handle_dirty_metadata,0.01,0.01,0.01
__mutex_unlock_slowpath,0.0,0.02,0.01
ext4_releasepage,0.01,0.01,0.01
Item::element_index,0.01,0.01,0.01
tree_insert,0.01,0.01,0.01
find_get_page,0.01,0.01,0.01
fsp_is_undo_tablespace,0.01,0.01,0.01
__audit_syscall_entry,0.0,0.02,0.01
ext4_mark_inode_dirty,0.01,0.01,0.01
__sched_yield,0.01,0.01,0.01
ext4_get_inode_flags,0.01,0.01,0.01
Field_newdate::real_type,0.01,0.01,0.01
row_prebuilt_t::can_prefetch_records,0.01,0.01,0.01
current_fs_time,0.01,0.01,0.01
touch_atime,0.01,0.01,0.01
iov_iter_fault_in_readable,0.01,0.01,0.01
__block_commit_write.isra.21,0.01,0.01,0.01
auditsys,0.0,0.02,0.01
pfs_memory_alloc_vc,0.0,0.02,0.01
memmove@plt,0.01,0.01,0.01
malloc_consolidate,0.01,0.01,0.01
Fil_shard::prepare_file_for_io,0.0,0.02,0.01
String::swap,0.01,0.01,0.01
Fil_system::space_acquire,0.01,0.01,0.01
page_cur_insert_rec_low,0.0,0.03,0.01
rw_lock_s_lock_spin,0.01,0.01,0.01
__wake_up_bit,0.01,0.01,0.01
create_page_buffers,0.01,0.01,0.01
memcmp@plt,0.0,0.02,0.01
rw_verify_area,0.0,0.02,0.01
find_vma,0.0,0.02,0.01
Field_longstr::report_if_important_data,0.01,0.01,0.01
mem_cgroup_cache_charge,0.01,0.01,0.01
JOIN::join_free,0.01,0.01,0.01
Protocol_classic::store_field,0.01,0.01,0.01
add_to_page_cache_lru,0.0,0.02,0.01
Item_field::get_date,0.0,0.02,0.01
fsp_reserve_free_extents,0.01,0.01,0.01
page_cur_delete_rec,0.01,0.01,0.01
page_delete_rec_list_start,0.01,0.01,0.01
PolicyMutex<TTASEventMutex<GenericPolicy> >::enter,0.0,0.02,0.01
unlock_page,0.0,0.02,0.01
page_delete_rec_list_end,0.01,0.01,0.01
Field::send_to_protocol,0.01,0.01,0.01
Item_sum_int::result_type,0.01,0.01,0.01
fil_page_get_next,0.01,0.01,0.01
srv_inc_activity_count,0.01,0.01,0.01
row_upd_rec_in_place,0.01,0.01,0.01
THD::send_result_set_row,0.01,0.01,0.01
rec_offs_nth_size,0.01,0.01,0.01
rec_offs_nth_default,0.01,0.01,0.01
row_ins_index_entry_set_vals,0.0,0.02,0.01
fsp_get_space_header,0.01,0.01,0.01
end_page_writeback,0.0,0.02,0.01
Field_longlong::store,0.01,0.01,0.01
fsnotify,0.01,0.01,0.01
buf_page_create,0.0,0.02,0.008
mark_buffer_dirty,0.0,0.01,0.008
Field::is_array,0.0,0.01,0.0075
test_clear_page_writeback,0.0,0.01,0.0075
std::_Rb_tree_decrement,0.0,0.01,0.0075
thd_trx_priority,0.0,0.01,0.0075
PFS_memory_safe_stat::count_free,0.0,0.01,0.0075
__page_cache_alloc,0.0,0.01,0.0075
ext4_mark_iloc_dirty,0.0,0.02,0.0075
__pagevec_release,0.0,0.01,0.0075
alloc_pages_current,0.0,0.01,0.0075
futex_wait_setup,0.0,0.01,0.0075
std::_Rb_tree_decrement@plt,0.0,0.01,0.0075
fil_aio_wait,0.0,0.02,0.006666666666666667
HashJoinIterator::SetReadingProbeRowState,0.0,0.01,0.006666666666666667
Item_cache::has_value,0.0,0.01,0.006666666666666667
wake_up_q,0.0,0.02,0.006666666666666667
try_to_wake_up,0.0,0.02,0.006666666666666667
"temptable::Allocator<std::__detail::_Hash_node<temptable::Indexed_cells, true>, temptable::Allocation_scheme<temptable::Exponential_policy, temptable::Prefer_RAM_over_MMAP_policy_obeying_per_table_limit> >::allocate",0.0,0.01,0.006666666666666667
kmem_cache_alloc,0.0,0.01,0.006666666666666667
__set_page_dirty,0.0,0.01,0.006666666666666667
PFS_session_all_memory_stat::count_uncontrolled_alloc,0.0,0.01,0.006666666666666667
fsp_get_space_header_block,0.0,0.01,0.006666666666666667
start_this_handle,0.0,0.01,0.006666666666666667
MaterializeIterator<DummyIteratorProfiler>::Read,0.0,0.01,0.006666666666666667
Item_view_ref::val_decimal,0.0,0.01,0.006666666666666667
fil_space_get,0.0,0.01,0.006666666666666667
__add_to_page_cache_locked,0.0,0.01,0.006666666666666667
convert_error_code_to_mysql,0.0,0.01,0.006666666666666667
unroll_tree_refs,0.0,0.01,0.006666666666666667
Field_varstring::data_length,0.0,0.01,0.006666666666666667
find_memory_class,0.0,0.01,0.006666666666666667
free_hot_cold_page,0.0,0.01,0.006666666666666667
free_hot_cold_page_list,0.0,0.01,0.006666666666666667
apic_timer_interrupt,0.0,0.01,0.006666666666666667
smp_apic_timer_interrupt,0.0,0.01,0.006666666666666667
page_move_rec_list_start,0.0,0.02,0.006666666666666667
page_copy_rec_list_end_no_locks,0.0,0.02,0.006666666666666667
btr_page_reorganize_low,0.0,0.02,0.006666666666666667
pthread_mutex_unlock,0.0,0.01,0.006666666666666667
buf_flush_insert_into_flush_list,0.0,0.01,0.006666666666666667
Field_str::result_type,0.0,0.01,0.005
_cond_resched,0.0,0.01,0.005
Field_varstring::pack,0.0,0.01,0.005
__fget_light,0.0,0.01,0.005
Filesort_info::unpack_addon_fields<true>,0.0,0.01,0.005
Field_num::charset,0.0,0.01,0.005
dec_zone_page_state,0.0,0.01,0.005
down_read_trylock,0.0,0.01,0.005
PFS_memory_safe_stat::count_alloc,0.0,0.01,0.005
ib_io_wr-3,0.0,0.01,0.005
LinuxAIOHandler::poll,0.0,0.01,0.005
generic_segment_checks,0.0,0.01,0.005
buf_flush_remove,0.0,0.01,0.005
page_rec_get_nth_const,0.0,0.01,0.005
try_to_release_page,0.0,0.01,0.005
jbd2_journal_try_to_free_buffers,0.0,0.01,0.005
pfs_end_file_wait_vc,0.0,0.01,0.005
jbd2_journal_grab_journal_head,0.0,0.01,0.005
ib_io_wr-4,0.0,0.01,0.005
rec_copy_prefix_to_dtuple,0.0,0.01,0.005
Query_term::child_count,0.0,0.01,0.005
get_buf_LRU_old_threshold,0.0,0.01,0.005
__schedule,0.0,0.01,0.005
finish_task_switch,0.0,0.01,0.005
SortFileIterator<true>::Read,0.0,0.01,0.005
Query_result_scalar_subquery::send_data,0.0,0.01,0.005
__clock_gettime,0.0,0.01,0.005
Field_temporal_with_date::get_internal_check_zero,0.0,0.01,0.005
close_tmp_table,0.0,0.01,0.005
JOIN::destroy,0.0,0.01,0.005
Query_block::cleanup,0.0,0.01,0.005
buf_flush_init_for_writing,0.0,0.01,0.005
lookup_page_cgroup,0.0,0.01,0.005
ext4_da_get_block_prep,0.0,0.01,0.005
Query_block::term_type,0.0,0.01,0.005
alloc_buffer_head,0.0,0.01,0.005
pthread_cond_timedwait@plt,0.0,0.01,0.005
__memset,0.0,0.01,0.005
jbd2_journal_stop,0.0,0.01,0.005
alloc_page_buffers,0.0,0.01,0.005
__vdso_clock_gettime,0.0,0.01,0.005
find_or_create_file,0.0,0.01,0.005
pfs_end_file_open_wait_and_bind_to_descriptor_vc,0.0,0.01,0.005
pfs_end_temp_file_open_wait_and_bind_to_descriptor_vc,0.0,0.01,0.005
HashJoinChunk::Rewind,0.0,0.01,0.005
policy_zonelist,0.0,0.01,0.005
Filesort_buffer::sort_buffer,0.0,0.01,0.005
check_unique_constraint,0.0,0.01,0.005
"std::_Hashtable<temptable::Indexed_cells, temptable::Indexed_cells, temptable::Allocator<temptable::Indexed_cells, temptable::Allocation_scheme<temptable::Exponential_policy, temptable::Prefer_RAM_over_MMAP_policy_obeying_per_table_limit> >, std::__detail::_Identity, temptable::Indexed_cells_equal_to, temptable::Indexed_cells_hash, std::__detail::_Mod_range_hashing, std::__detail::_Default_ranged_hash, std::__detail::_Prime_rehash_policy, std::__detail::_Hashtable_traits<true, true, true> >::_M_rehash",0.0,0.01,0.005
activate_page,0.0,0.01,0.005
dict_index_build_node_ptr,0.0,0.01,0.0033333333333333335
os_aio_handler,0.0,0.01,0.0033333333333333335
file_update_time,0.0,0.01,0.0033333333333333335
update_time,0.0,0.01,0.0033333333333333335
Aggregator_simple::endup,0.0,0.01,0.0033333333333333335
kfree,0.0,0.01,0.0033333333333333335
Field_varstring::pack_length,0.0,0.01,0.0033333333333333335
futex_wait_queue_me,0.0,0.01,0.0033333333333333335
hrtimer_start_range_ns,0.0,0.01,0.0033333333333333335
delete_from_page_cache,0.0,0.01,0.0033333333333333335
Field_varstring::type,0.0,0.01,0.0033333333333333335
Field_longstr::check_string_copy_error,0.0,0.01,0.0033333333333333335
real_open_cached_file,0.0,0.01,0.0033333333333333335
page_copy_rec_list_start,0.0,0.01,0.0033333333333333335
__mem_cgroup_count_vm_event,0.0,0.01,0.0033333333333333335
ut_lock_free_hash_t::insert_or_update,0.0,0.01,0.0033333333333333335
update_io_ticks,0.0,0.0,0.0
cancel_dirty_page,0.0,0.0,0.0
ext4_orphan_del,0.0,0.0,0.0
Field_num::decimals,0.0,0.0,0.0
blk_account_io_done,0.0,0.0,0.0
aio_put_req,0.0,0.0,0.0
std::chrono::_V2::steady_clock::now@plt,0.0,0.0,0.0
TIME_to_longlong_datetime_packed,0.0,0.0,0.0
down_read,0.0,0.0,0.0
AggregateIterator::SetRollupLevel,0.0,0.0,0.0
dquot_active.isra.8,0.0,0.0,0.0
get_task_policy.part.26,0.0,0.0,0.0
__brelse,0.0,0.0,0.0
PFS_session_all_memory_stat::count_uncontrolled_free,0.0,0.0,0.0
__libc_recv,0.0,0.0,0.0
buf_flush_lists,0.0,0.0,0.0
zone_dirty_ok,0.0,0.0,0.0
Item_sum_count::val_int,0.0,0.0,0.0
__fdget,0.0,0.0,0.0
TableRowIterator::StartPSIBatchMode,0.0,0.0,0.0
Query_block::query_block,0.0,0.0,0.0
do_get_write_access,0.0,0.0,0.0
kmem_cache_free,0.0,0.0,0.0
ext4_get_inode_loc,0.0,0.0,0.0
__ext4_get_inode_loc,0.0,0.0,0.0
__getblk,0.0,0.0,0.0
__find_get_block,0.0,0.0,0.0
Field_new_decimal::type,0.0,0.0,0.0
__slab_alloc,0.0,0.0,0.0
add_transaction_credits,0.0,0.0,0.0
get_empty_filp,0.0,0.0,0.0
syscall@plt,0.0,0.0,0.0
Field_temporal_with_date::store_time,0.0,0.0,0.0
balance_dirty_pages_ratelimited,0.0,0.0,0.0
__put_single_page,0.0,0.0,0.0
Item_sum_avg::val_decimal,0.0,0.0,0.0
Log_files_capacity::update_status_variables,0.0,0.0,0.0
log_files_size_of_existing_files,0.0,0.0,0.0
std::_Rb_tree_increment,0.0,0.0,0.0
hrtimer_init,0.0,0.0,0.0
pthread_mutex_lock,0.0,0.0,0.0
__smp_mb__after_atomic,0.0,0.0,0.0
Field_temporal::date_flags,0.0,0.0,0.0
temptable::Table::~Table,0.0,0.0,0.0
temptable::Handler::delete_table,0.0,0.0,0.0
iov_iter_copy_from_user_atomic,0.0,0.0,0.0
put_ioctx,0.0,0.0,0.0
fput,0.0,0.0,0.0
fput_many,0.0,0.0,0.0
QEP_TAB::cleanup,0.0,0.0,0.0
free_page_and_swap_cache,0.0,0.0,0.0
tlb_remove_table_rcu,0.0,0.0,0.0
rcu_process_callbacks,0.0,0.0,0.0
clockid_to_kclock,0.0,0.0,0.0
mtr_t::set_log_mode,0.0,0.0,0.0
mtr_t::Command::prepare_write,0.0,0.0,0.0
FilterIterator::EndPSIBatchModeIfStarted,0.0,0.0,0.0
dict_table_copy_v_types,0.0,0.0,0.0
page_mem_alloc_heap,0.0,0.0,0.0
row_insert_for_mysql,0.0,0.0,0.0
std::__detail::_Prime_rehash_policy::_M_need_rehash,0.0,0.0,0.0
Encryption::is_encrypted_page,0.0,0.0,0.0
HashJoinIterator::ReadRowFromProbeChunkFile,0.0,0.0,0.0
mnt_clone_write,0.0,0.0,0.0
fil_io_set_encryption,0.0,0.0,0.0
__libc_pread64,0.0,0.0,0.0
Field_longlong::type,0.0,0.0,0.0
ext4_set_aops,0.0,0.0,0.0
ext4_update_bh_state,0.0,0.0,0.0
ext4_journal_check_start,0.0,0.0,0.0
ext4_nonda_switch,0.0,0.0,0.0
futex_wake,0.0,0.0,0.0
__wake_up_common_lock,0.0,0.0,0.0
tlb_finish_mmu,0.0,0.0,0.0
arch_tlb_finish_mmu,0.0,0.0,0.0
tlb_flush_mmu_free,0.0,0.0,0.0
free_pages_and_swap_cache,0.0,0.0,0.0
get_pageblock_flags_group,0.0,0.0,0.0
Item_decimal::val_decimal,0.0,0.0,0.0
Query_expression::finalize,0.0,0.0,0.0
sys_open,0.0,0.0,0.0
do_sys_open,0.0,0.0,0.0
do_filp_open,0.0,0.0,0.0
path_openat,0.0,0.0,0.0
vfs_tmpfile,0.0,0.0,0.0
ext4_tmpfile,0.0,0.0,0.0
d_tmpfile,0.0,0.0,0.0
set_bh_page,0.0,0.0,0.0
jbd2_journal_get_write_access,0.0,0.0,0.0
jbd2_journal_put_journal_head,0.0,0.0,0.0
__x86_indirect_thunk_rax,0.0,0.0,0.0
mtr_t::memo_release,0.0,0.0,0.0
Field_string::real_type,0.0,0.0,0.0
Item_exists_subselect::translate,0.0,0.0,0.0
__fdget_pos,0.0,0.0,0.0
Fil_shard::get_space_by_id,0.0,0.0,0.0
unmap_region,0.0,0.0,0.0
do_munmap,0.0,0.0,0.0
vm_munmap,0.0,0.0,0.0
__pagevec_lookup,0.0,0.0,0.0
buf_page_free_stale,0.0,0.0,0.0
lookup_ioctx,0.0,0.0,0.0
__lll_unlock_wake,0.0,0.0,0.0
pfs_get_thread_file_stream_locker_vc,0.0,0.0,0.0
unlock_buffer,0.0,0.0,0.0
wake_up_bit,0.0,0.0,0.0
bit_waitqueue,0.0,0.0,0.0
Protocol_classic::get_command,0.0,0.0,0.0
my_net_read,0.0,0.0,0.0
vio_read,0.0,0.0,0.0
__find_get_pages,0.0,0.0,0.0
sys_munmap,0.0,0.0,0.0
ima_file_free,0.0,0.0,0.0
innobase_basic_ddl::delete_impl<dd::Table>,0.0,0.0,0.0
row_drop_table_for_mysql,0.0,0.0,0.0
dict_drop_temporary_table_index,0.0,0.0,0.0
btr_free,0.0,0.0,0.0
fseg_free_step,0.0,0.0,0.0
btr_search_drop_page_hash_when_freed,0.0,0.0,0.0
temptable::Table::indexes_destroy,0.0,0.0,0.0
temptable::Hash_unique::~Hash_unique,0.0,0.0,0.0
__GI___munmap,0.0,0.0,0.0
pfs_get_thread_file_descriptor_locker_vc,0.0,0.0,0.0
TableRowIterator::EndPSIBatchModeIfStarted,0.0,0.0,0.0
Field_temporal_with_date::get_time,0.0,0.0,0.0
temptable::Handler::rnd_next,0.0,0.0,0.0
virtnet_poll,0.0,0.0,0.0
file_read_actor,0.0,0.0,0.0
static_key_enabled,0.0,0.0,0.0
lf_hash_search,0.0,0.0,0.0
net_rx_action,0.0,0.0,0.0
tracesys,0.0,0.0,0.0
LRUHp::adjust,0.0,0.0,0.0
buf_LRU_adjust_hp,0.0,0.0,0.0
HazardPointer::is_hp,0.0,0.0,0.0
__virt_addr_valid,0.0,0.0,0.0
buf_block_alloc,0.0,0.0,0.0
tcp_v4_do_rcv,0.0,0.0,0.0
mem_cgroup_uncharge_cache_page,0.0,0.0,0.0
__mem_cgroup_uncharge_common,0.0,0.0,0.0
my_net_write,0.0,0.0,0.0
ib_io_wr-1,0.0,0.0,0.0
__ext4_journal_get_write_access,0.0,0.0,0.0
Log_files_capacity::is_resizing_down,0.0,0.0,0.0
Log_files_stats::update,0.0,0.0,0.0
lock_hrtimer_base.isra.20,0.0,0.0,0.0
schedule_user,0.0,0.0,0.0
__wake_up,0.0,0.0,0.0
tcp_urg,0.0,0.0,0.0
tcp_v4_rcv,0.0,0.0,0.0
rec_set_nth_field,0.0,0.0,0.0
Field::null_offset,0.0,0.0,0.0
pthread_cond_broadcast@@GLIBC_2.3.2,0.0,0.0,0.0
futex_requeue,0.0,0.0,0.0
btr_search_update_hash_on_move,0.0,0.0,0.0
TemptableAggregateIterator<DummyIteratorProfiler>::Read,0.0,0.0,0.0
Aggregator_distinct::clear,0.0,0.0,0.0
Unique::reset,0.0,0.0,0.0
MEM_ROOT::ClearForReuse,0.0,0.0,0.0
__strcmp_sse42,0.0,0.0,0.0
inc_zone_page_state,0.0,0.0,0.0
Item_view_ref::save_in_field_inner,0.0,0.0,0.0
FilterIterator::StartPSIBatchMode,0.0,0.0,0.0
ip_local_deliver_finish,0.0,0.0,0.0
free@plt,0.0,0.0,0.0
next_zones_zonelist,0.0,0.0,0.0
Encryption::decrypt,0.0,0.0,0.0
napi_gro_receive,0.0,0.0,0.0
netif_receive_skb_internal,0.0,0.0,0.0
__netif_receive_skb,0.0,0.0,0.0
__netif_receive_skb_core,0.0,0.0,0.0
ip_rcv,0.0,0.0,0.0
ip_rcv_finish,0.0,0.0,0.0
ip_local_deliver,0.0,0.0,0.0
__memcpy,0.0,0.0,0.0
